<metadata xml:lang="en"><Esri><CreaDate>20180326</CreaDate><CreaTime>12583500</CreaTime><ArcGISFormat>1.0</ArcGISFormat><SyncOnce>FALSE</SyncOnce><DataProperties><lineage><Process ToolSource="c:\program files (x86)\arcgis\desktop10.4\ArcToolbox\Toolboxes\Data Management Tools.tbx\AddField" Date="20170811" Time="170550">AddField cocoa_generic_mutli "Start Date" TEXT # # 20 # NULLABLE NON_REQUIRED #</Process><Process ToolSource="c:\program files (x86)\arcgis\desktop10.4\ArcToolbox\Toolboxes\Data Management Tools.tbx\AddField" Date="20170811" Time="170555">AddField cocoa_generic_mutli "End Date" TEXT # # 20 # NULLABLE NON_REQUIRED #</Process><Process ToolSource="c:\program files (x86)\arcgis\desktop10.4\ArcToolbox\Toolboxes\Data Management Tools.tbx\CalculateField" Date="20170811" Time="170611">CalculateField cocoa_generic_mutli Start_Date "1 Jul 2017" PYTHON_9.3 #</Process><Process ToolSource="c:\program files (x86)\arcgis\desktop10.4\ArcToolbox\Toolboxes\Data Management Tools.tbx\CalculateField" Date="20170811" Time="170617">CalculateField cocoa_generic_mutli End_Date "1 Jul 2017" PYTHON_9.3 #</Process><Process ToolSource="c:\program files (x86)\arcgis\desktop10.4\ArcToolbox\Toolboxes\Data Management Tools.tbx\AddField" Date="20170824" Time="160753">AddField cocoa_generic_mutli radius_km TEXT # # 20 # NULLABLE NON_REQUIRED #</Process><Process ToolSource="c:\program files (x86)\arcgis\desktop10.4\ArcToolbox\Toolboxes\Data Management Tools.tbx\CalculateField" Date="20170824" Time="160831">CalculateField cocoa_generic_mutli radius_km "str( !Analysis_R! ) + " km"" PYTHON_9.3 #</Process><Process ToolSource="c:\program files (x86)\arcgis\desktop10.4\ArcToolbox\Toolboxes\Analysis Tools.tbx\Buffer" Date="20170824" Time="161253">Buffer cocoa_generic_mutli C:\Users\sarah.sargent\GIS\GFWPro\testing_data\correctedtestingdata\cocoagenericdata\cocoageneric_multi\cocoa_generic_mutli_buffer.shp radius_km FULL ROUND NONE # PLANAR</Process><Process ToolSource="c:\program files (x86)\arcgis\desktop10.4\ArcToolbox\Toolboxes\Analysis Tools.tbx\Union" Date="20170824" Time="161712">Union "cocoa_generic_mutli_buffer #;WDPA_intersect #" C:\Users\sarah.sargent\GIS\GFWPro\testing_data\correctedtestingdata\cocoagenericdata\cocoageneric_multi\cocoa_generic_mutli_WDPA_union.shp ALL # GAPS</Process><Process ToolSource="c:\program files (x86)\arcgis\desktop10.4\ArcToolbox\Toolboxes\Data Management Tools.tbx\AddField" Date="20170824" Time="161802">AddField cocoa_generic_mutli_WDPA_union WDPA_stat TEXT # # 20 # NULLABLE NON_REQUIRED #</Process><Process ToolSource="c:\program files (x86)\arcgis\desktop10.4\ArcToolbox\Toolboxes\Data Management Tools.tbx\AddField" Date="20170824" Time="161810">AddField cocoa_generic_mutli_WDPA_union WDPA_id TEXT # # 20 # NULLABLE NON_REQUIRED #</Process><Process ToolSource="c:\program files (x86)\arcgis\desktop10.4\ArcToolbox\Toolboxes\Data Management Tools.tbx\CalculateField" Date="20170824" Time="162013">CalculateField cocoa_generic_mutli_WDPA_union WDPA_stat "NoWDPA" PYTHON_9.3 #</Process><Process ToolSource="c:\program files (x86)\arcgis\desktop10.4\ArcToolbox\Toolboxes\Data Management Tools.tbx\CalculateField" Date="20170824" Time="162022">CalculateField cocoa_generic_mutli_WDPA_union WDPA_stat "WDPA" PYTHON_9.3 #</Process><Process ToolSource="c:\program files (x86)\arcgis\desktop10.4\ArcToolbox\Toolboxes\Data Management Tools.tbx\CalculateField" Date="20170824" Time="162037">CalculateField cocoa_generic_mutli_WDPA_union WDPA_id ""WDPA" + !run_id!" PYTHON_9.3 #</Process><Process ToolSource="c:\program files (x86)\arcgis\desktop10.4\ArcToolbox\Toolboxes\Data Management Tools.tbx\CalculateField" Date="20170824" Time="162048">CalculateField cocoa_generic_mutli_WDPA_union WDPA_id ""NoWDPA" + !run_id!" PYTHON_9.3 #</Process><Process ToolSource="c:\program files (x86)\arcgis\desktop10.4\ArcToolbox\Toolboxes\Data Management Tools.tbx\Dissolve" Date="20170824" Time="162253">Dissolve cocoa_generic_mutli_WDPA_union C:\Users\sarah.sargent\GIS\GFWPro\testing_data\correctedtestingdata\cocoagenericdata\cocoageneric_multi\cocoa_generic_mutli_WDPA_union2.shp Latitude;Longitude;unique_id;Location_N;run_id;Analysis_R;Analysis_A;Location_C;Company_ID;Volume;Owner_Name;Owner_ID;Company_Na;supplier_n;Facility_N;Refinery_N;Certificat;Time_Horiz;company__1;owner_na_1;test_test;Start_Date;End_Date;radius_km;BUFF_DIST;WDPA_stat;WDPA_id # MULTI_PART DISSOLVE_LINES</Process><Process ToolSource="c:\program files (x86)\arcgis\desktop10.5\ArcToolbox\Toolboxes\Data Management Tools.tbx\CalculateField" Date="20171019" Time="122440">CalculateField "Cocoa Generic\cocoa_generic_mutli_WDPA_union2" state "Brong Ahafo" VB #</Process><Process ToolSource="c:\program files (x86)\arcgis\desktop10.5\ArcToolbox\Toolboxes\Data Management Tools.tbx\DeleteField" Date="20171019" Time="135351">DeleteField "Cocoa Generic\cocoa_generic_mutli_poly for exporting" unique_id;run_id;radius_km;BUFF_DIST;WDPA_stat;WDPA_id;area_ha;state</Process><Process ToolSource="c:\program files (x86)\arcgis\desktop10.5\ArcToolbox\Toolboxes\Data Management Tools.tbx\CalculateField" Date="20171103" Time="163224">CalculateField "Cocoa Generic\input_cocoageneric_ghana" Analysis_R "!Analysis_R! * 0.001" PYTHON_9.3 #</Process><Process ToolSource="c:\program files (x86)\arcgis\desktop10.5\ArcToolbox\Toolboxes\Data Management Tools.tbx\CalculateField" Date="20171103" Time="163357">CalculateField "Cocoa Generic\input_cocoageneric_ghana" Analysis_A 0.0005 VB #</Process><Process ToolSource="c:\program files (x86)\arcgis\desktop10.5\ArcToolbox\Toolboxes\Data Management Tools.tbx\CalculateField" Date="20171103" Time="163421">CalculateField "Cocoa Generic\input_cocoageneric_ghana" Analysis_A 0.0003 VB #</Process><Process ToolSource="c:\program files (x86)\arcgis\desktop10.5\ArcToolbox\Toolboxes\Data Management Tools.tbx\FeatureToPoint" Date="20180327" Time="200416">FeatureToPoint usertemplates\cocoageneric_polygon_template C:\Users\ifeoma.collins\Documents\data\gfwpro\testingdata\new_template_method\sept_new_plan\data\templates\cocoageneric\cocoa_generic_point_template.shp CENTROID</Process><Process ToolSource="c:\program files (x86)\arcgis\desktop10.7\ArcToolbox\Toolboxes\Data Management Tools.tbx\CopyFeatures" Date="20200602" Time="105121">CopyFeatures "C:\Martina\GFW Pro\Pro Templates\Shapefiles\cocoa_generic_point_template\cocoa_generic_point_template.shp" "C:\Martina\GFW Pro\Pro Templates\Shapefile_fixes\shapefile_fixes.gdb\Original_SHPs\cocoa_generic_point_template" # 0 0 0</Process><Process ToolSource="c:\program files (x86)\arcgis\desktop10.7\ArcToolbox\Toolboxes\Conversion Tools.tbx\FeatureClassToFeatureClass" Date="20200602" Time="122212">FeatureClassToFeatureClass "C:\Martina\GFW Pro\Pro Templates\Shapefile_fixes\shapefile_fixes.gdb\Original_SHPs\cocoa_generic_point_template" "C:\Martina\GFW Pro\Pro Templates\Shapefile_fixes\shapefile_fixes.gdb\field_edits" cocoa_generic_point_field_edits # "Latitude "Latitude" true true false 8 Double 0 0 ,First,#,C:\Martina\GFW Pro\Pro Templates\Shapefile_fixes\shapefile_fixes.gdb\Original_SHPs\cocoa_generic_point_template,Latitude,-1,-1;Longitude "Longitude" true true false 8 Double 0 0 ,First,#,C:\Martina\GFW Pro\Pro Templates\Shapefile_fixes\shapefile_fixes.gdb\Original_SHPs\cocoa_generic_point_template,Longitude,-1,-1;Location_N "Location_N" true true false 254 Text 0 0 ,First,#,C:\Martina\GFW Pro\Pro Templates\Shapefile_fixes\shapefile_fixes.gdb\Original_SHPs\cocoa_generic_point_template,Location_N,-1,-1;Analysis_R "Analysis_R" true true false 8 Double 0 0 ,First,#,C:\Martina\GFW Pro\Pro Templates\Shapefile_fixes\shapefile_fixes.gdb\Original_SHPs\cocoa_generic_point_template,Analysis_R,-1,-1;Analysis_A "Analysis_A" true true false 8 Double 0 0 ,First,#,C:\Martina\GFW Pro\Pro Templates\Shapefile_fixes\shapefile_fixes.gdb\Original_SHPs\cocoa_generic_point_template,Analysis_A,-1,-1;Location_C "Location_C" true true false 254 Text 0 0 ,First,#,C:\Martina\GFW Pro\Pro Templates\Shapefile_fixes\shapefile_fixes.gdb\Original_SHPs\cocoa_generic_point_template,Location_C,-1,-1;Volume "Volume" true true false 8 Double 0 0 ,First,#,C:\Martina\GFW Pro\Pro Templates\Shapefile_fixes\shapefile_fixes.gdb\Original_SHPs\cocoa_generic_point_template,Volume,-1,-1;Owner_Name "Owner_Name" true true false 254 Text 0 0 ,First,#,C:\Martina\GFW Pro\Pro Templates\Shapefile_fixes\shapefile_fixes.gdb\Original_SHPs\cocoa_generic_point_template,Owner_Name,-1,-1;Owner_ID "Owner_ID" true true false 254 Text 0 0 ,First,#,C:\Martina\GFW Pro\Pro Templates\Shapefile_fixes\shapefile_fixes.gdb\Original_SHPs\cocoa_generic_point_template,Owner_ID,-1,-1;Company_Na "Company_Na" true true false 254 Text 0 0 ,First,#,C:\Martina\GFW Pro\Pro Templates\Shapefile_fixes\shapefile_fixes.gdb\Original_SHPs\cocoa_generic_point_template,Company_Na,-1,-1;Facility_N "Facility_N" true true false 254 Text 0 0 ,First,#,C:\Martina\GFW Pro\Pro Templates\Shapefile_fixes\shapefile_fixes.gdb\Original_SHPs\cocoa_generic_point_template,Facility_N,-1,-1;Refinery_N "Refinery_N" true true false 254 Text 0 0 ,First,#,C:\Martina\GFW Pro\Pro Templates\Shapefile_fixes\shapefile_fixes.gdb\Original_SHPs\cocoa_generic_point_template,Refinery_N,-1,-1;Certificat "Certificat" true true false 254 Text 0 0 ,First,#,C:\Martina\GFW Pro\Pro Templates\Shapefile_fixes\shapefile_fixes.gdb\Original_SHPs\cocoa_generic_point_template,Certificat,-1,-1;Time_Horiz "Time_Horiz" true true false 254 Text 0 0 ,First,#,C:\Martina\GFW Pro\Pro Templates\Shapefile_fixes\shapefile_fixes.gdb\Original_SHPs\cocoa_generic_point_template,Time_Horiz,-1,-1;Supplier_N "Supplier_N" true true false 50 Text 0 0 ,First,#,C:\Martina\GFW Pro\Pro Templates\Shapefile_fixes\shapefile_fixes.gdb\Original_SHPs\cocoa_generic_point_template,Supplier_N,-1,-1" #</Process><Process ToolSource="c:\program files (x86)\arcgis\desktop10.7\ArcToolbox\Toolboxes\Data Management Tools.tbx\AddField" Date="20200602" Time="122252">AddField "C:\Martina\GFW Pro\Pro Templates\Shapefile_fixes\shapefile_fixes.gdb\field_edits\cocoa_generic_point_field_edits" Company_ID TEXT # # # # NULLABLE NON_REQUIRED #</Process><Process ToolSource="c:\program files (x86)\arcgis\desktop10.7\ArcToolbox\Toolboxes\Data Management Tools.tbx\AddField" Date="20200602" Time="122314">AddField "C:\Martina\GFW Pro\Pro Templates\Shapefile_fixes\shapefile_fixes.gdb\field_edits\cocoa_generic_point_field_edits" Start_Date DATE # # # # NULLABLE NON_REQUIRED #</Process><Process ToolSource="c:\program files (x86)\arcgis\desktop10.7\ArcToolbox\Toolboxes\Data Management Tools.tbx\AddField" Date="20200602" Time="122329">AddField "C:\Martina\GFW Pro\Pro Templates\Shapefile_fixes\shapefile_fixes.gdb\field_edits\cocoa_generic_point_field_edits" End_Date DATE # # # # NULLABLE NON_REQUIRED #</Process><Process ToolSource="c:\program files (x86)\arcgis\desktop10.7\ArcToolbox\Toolboxes\Conversion Tools.tbx\FeatureClassToFeatureClass" Date="20200602" Time="122508">FeatureClassToFeatureClass "C:\Martina\GFW Pro\Pro Templates\Shapefile_fixes\shapefile_fixes.gdb\field_edits\cocoa_generic_point_field_edits" "C:\Martina\GFW Pro\Pro Templates\Shapefile_fixes\shapefile_fixes.gdb\field_order_fixed" cocoa_generic_point_field_order_fixed # "Location_N "Location_N" true true false 254 Text 0 0 ,First,#,C:\Martina\GFW Pro\Pro Templates\Shapefile_fixes\shapefile_fixes.gdb\field_edits\cocoa_generic_point_field_edits,Location_N,-1,-1;Latitude "Latitude" true true false 8 Double 0 0 ,First,#,C:\Martina\GFW Pro\Pro Templates\Shapefile_fixes\shapefile_fixes.gdb\field_edits\cocoa_generic_point_field_edits,Latitude,-1,-1;Longitude "Longitude" true true false 8 Double 0 0 ,First,#,C:\Martina\GFW Pro\Pro Templates\Shapefile_fixes\shapefile_fixes.gdb\field_edits\cocoa_generic_point_field_edits,Longitude,-1,-1;Analysis_R "Analysis_R" true true false 8 Double 0 0 ,First,#,C:\Martina\GFW Pro\Pro Templates\Shapefile_fixes\shapefile_fixes.gdb\field_edits\cocoa_generic_point_field_edits,Analysis_R,-1,-1;Analysis_A "Analysis_A" true true false 8 Double 0 0 ,First,#,C:\Martina\GFW Pro\Pro Templates\Shapefile_fixes\shapefile_fixes.gdb\field_edits\cocoa_generic_point_field_edits,Analysis_A,-1,-1;Location_C "Location_C" true true false 254 Text 0 0 ,First,#,C:\Martina\GFW Pro\Pro Templates\Shapefile_fixes\shapefile_fixes.gdb\field_edits\cocoa_generic_point_field_edits,Location_C,-1,-1;Company_ID "Company_ID" true true false 255 Text 0 0 ,First,#,C:\Martina\GFW Pro\Pro Templates\Shapefile_fixes\shapefile_fixes.gdb\field_edits\cocoa_generic_point_field_edits,Company_ID,-1,-1;Volume "Volume" true true false 8 Double 0 0 ,First,#,C:\Martina\GFW Pro\Pro Templates\Shapefile_fixes\shapefile_fixes.gdb\field_edits\cocoa_generic_point_field_edits,Volume,-1,-1;Owner_Name "Owner_Name" true true false 254 Text 0 0 ,First,#,C:\Martina\GFW Pro\Pro Templates\Shapefile_fixes\shapefile_fixes.gdb\field_edits\cocoa_generic_point_field_edits,Owner_Name,-1,-1;Owner_ID "Owner_ID" true true false 254 Text 0 0 ,First,#,C:\Martina\GFW Pro\Pro Templates\Shapefile_fixes\shapefile_fixes.gdb\field_edits\cocoa_generic_point_field_edits,Owner_ID,-1,-1;Company_Na "Company_Na" true true false 254 Text 0 0 ,First,#,C:\Martina\GFW Pro\Pro Templates\Shapefile_fixes\shapefile_fixes.gdb\field_edits\cocoa_generic_point_field_edits,Company_Na,-1,-1;Supplier_N "Supplier_N" true true false 50 Text 0 0 ,First,#,C:\Martina\GFW Pro\Pro Templates\Shapefile_fixes\shapefile_fixes.gdb\field_edits\cocoa_generic_point_field_edits,Supplier_N,-1,-1;Facility_N "Facility_N" true true false 254 Text 0 0 ,First,#,C:\Martina\GFW Pro\Pro Templates\Shapefile_fixes\shapefile_fixes.gdb\field_edits\cocoa_generic_point_field_edits,Facility_N,-1,-1;Refinery_N "Refinery_N" true true false 254 Text 0 0 ,First,#,C:\Martina\GFW Pro\Pro Templates\Shapefile_fixes\shapefile_fixes.gdb\field_edits\cocoa_generic_point_field_edits,Refinery_N,-1,-1;Certificat "Certificat" true true false 254 Text 0 0 ,First,#,C:\Martina\GFW Pro\Pro Templates\Shapefile_fixes\shapefile_fixes.gdb\field_edits\cocoa_generic_point_field_edits,Certificat,-1,-1;Start_Date "Start_Date" true true false 8 Date 0 0 ,First,#,C:\Martina\GFW Pro\Pro Templates\Shapefile_fixes\shapefile_fixes.gdb\field_edits\cocoa_generic_point_field_edits,Start_Date,-1,-1;Time_Horiz "Time_Horiz" true true false 254 Text 0 0 ,First,#,C:\Martina\GFW Pro\Pro Templates\Shapefile_fixes\shapefile_fixes.gdb\field_edits\cocoa_generic_point_field_edits,Time_Horiz,-1,-1;End_Date "End_Date" true true false 8 Date 0 0 ,First,#,C:\Martina\GFW Pro\Pro Templates\Shapefile_fixes\shapefile_fixes.gdb\field_edits\cocoa_generic_point_field_edits,End_Date,-1,-1" #</Process><Process ToolSource="c:\program files (x86)\arcgis\desktop10.7\ArcToolbox\Toolboxes\Data Management Tools.tbx\AddField" Date="20200602" Time="122527">AddField "C:\Martina\GFW Pro\Pro Templates\Shapefile_fixes\shapefile_fixes.gdb\field_order_fixed\cocoa_generic_point_field_order_fixed" attribute1 TEXT # # # # NULLABLE NON_REQUIRED #</Process><Process ToolSource="c:\program files (x86)\arcgis\desktop10.7\ArcToolbox\Toolboxes\Data Management Tools.tbx\AddField" Date="20200602" Time="122536">AddField "C:\Martina\GFW Pro\Pro Templates\Shapefile_fixes\shapefile_fixes.gdb\field_order_fixed\cocoa_generic_point_field_order_fixed" attribute2 TEXT # # # # NULLABLE NON_REQUIRED #</Process><Process ToolSource="c:\program files (x86)\arcgis\desktop10.7\ArcToolbox\Toolboxes\Data Management Tools.tbx\AddField" Date="20200602" Time="122546">AddField "C:\Martina\GFW Pro\Pro Templates\Shapefile_fixes\shapefile_fixes.gdb\field_order_fixed\cocoa_generic_point_field_order_fixed" attribute3 TEXT # # # # NULLABLE NON_REQUIRED #</Process><Process ToolSource="c:\program files (x86)\arcgis\desktop10.7\ArcToolbox\Toolboxes\Data Management Tools.tbx\CalculateField" Date="20200602" Time="122619">CalculateField "C:\Martina\GFW Pro\Pro Templates\Shapefile_fixes\shapefile_fixes.gdb\field_order_fixed\cocoa_generic_point_field_order_fixed" Location_N "Location Name" VB #</Process><Process ToolSource="c:\program files (x86)\arcgis\desktop10.7\ArcToolbox\Toolboxes\Data Management Tools.tbx\CalculateField" Date="20200602" Time="122642">CalculateField "C:\Martina\GFW Pro\Pro Templates\Shapefile_fixes\shapefile_fixes.gdb\field_order_fixed\cocoa_generic_point_field_order_fixed" Analysis_R 20 VB #</Process><Process ToolSource="c:\program files (x86)\arcgis\desktop10.7\ArcToolbox\Toolboxes\Data Management Tools.tbx\CalculateField" Date="20200602" Time="122712">CalculateField "C:\Martina\GFW Pro\Pro Templates\Shapefile_fixes\shapefile_fixes.gdb\field_order_fixed\cocoa_generic_point_field_order_fixed" Owner_Name "Owner Name" VB #</Process><Process ToolSource="c:\program files (x86)\arcgis\desktop10.7\ArcToolbox\Toolboxes\Data Management Tools.tbx\CalculateField" Date="20200602" Time="122733">CalculateField "C:\Martina\GFW Pro\Pro Templates\Shapefile_fixes\shapefile_fixes.gdb\field_order_fixed\cocoa_generic_point_field_order_fixed" Company_Na "Company Name" VB #</Process><Process ToolSource="c:\program files (x86)\arcgis\desktop10.7\ArcToolbox\Toolboxes\Data Management Tools.tbx\CalculateField" Date="20200602" Time="122752">CalculateField "C:\Martina\GFW Pro\Pro Templates\Shapefile_fixes\shapefile_fixes.gdb\field_order_fixed\cocoa_generic_point_field_order_fixed" Supplier_N "Supplier Name" VB #</Process><Process ToolSource="c:\program files (x86)\arcgis\desktop10.7\ArcToolbox\Toolboxes\Data Management Tools.tbx\CalculateField" Date="20200602" Time="122810">CalculateField "C:\Martina\GFW Pro\Pro Templates\Shapefile_fixes\shapefile_fixes.gdb\field_order_fixed\cocoa_generic_point_field_order_fixed" Facility_N "Facility Name" VB #</Process><Process ToolSource="c:\program files (x86)\arcgis\desktop10.7\ArcToolbox\Toolboxes\Data Management Tools.tbx\CalculateField" Date="20200602" Time="122827">CalculateField "C:\Martina\GFW Pro\Pro Templates\Shapefile_fixes\shapefile_fixes.gdb\field_order_fixed\cocoa_generic_point_field_order_fixed" Refinery_N "Refinery Name" VB #</Process><Process ToolSource="c:\program files (x86)\arcgis\desktop10.7\ArcToolbox\Toolboxes\Conversion Tools.tbx\FeatureClassToFeatureClass" Date="20200602" Time="122908">FeatureClassToFeatureClass "C:\Martina\GFW Pro\Pro Templates\Shapefile_fixes\shapefile_fixes.gdb\field_order_fixed\cocoa_generic_point_field_order_fixed" "C:\Martina\GFW Pro\Pro Templates\Shapefile_fixes\testing_shapefiles" cocoa_generic_point.shp # "Location_N "Location_N" true true false 254 Text 0 0 ,First,#,C:\Martina\GFW Pro\Pro Templates\Shapefile_fixes\shapefile_fixes.gdb\field_order_fixed\cocoa_generic_point_field_order_fixed,Location_N,-1,-1;Latitude "Latitude" true true false 8 Double 0 0 ,First,#,C:\Martina\GFW Pro\Pro Templates\Shapefile_fixes\shapefile_fixes.gdb\field_order_fixed\cocoa_generic_point_field_order_fixed,Latitude,-1,-1;Longitude "Longitude" true true false 8 Double 0 0 ,First,#,C:\Martina\GFW Pro\Pro Templates\Shapefile_fixes\shapefile_fixes.gdb\field_order_fixed\cocoa_generic_point_field_order_fixed,Longitude,-1,-1;Analysis_R "Analysis_R" true true false 8 Double 0 0 ,First,#,C:\Martina\GFW Pro\Pro Templates\Shapefile_fixes\shapefile_fixes.gdb\field_order_fixed\cocoa_generic_point_field_order_fixed,Analysis_R,-1,-1;Analysis_A "Analysis_A" true true false 8 Double 0 0 ,First,#,C:\Martina\GFW Pro\Pro Templates\Shapefile_fixes\shapefile_fixes.gdb\field_order_fixed\cocoa_generic_point_field_order_fixed,Analysis_A,-1,-1;Location_C "Location_C" true true false 254 Text 0 0 ,First,#,C:\Martina\GFW Pro\Pro Templates\Shapefile_fixes\shapefile_fixes.gdb\field_order_fixed\cocoa_generic_point_field_order_fixed,Location_C,-1,-1;Company_ID "Company_ID" true true false 255 Text 0 0 ,First,#,C:\Martina\GFW Pro\Pro Templates\Shapefile_fixes\shapefile_fixes.gdb\field_order_fixed\cocoa_generic_point_field_order_fixed,Company_ID,-1,-1;Volume "Volume" true true false 8 Double 0 0 ,First,#,C:\Martina\GFW Pro\Pro Templates\Shapefile_fixes\shapefile_fixes.gdb\field_order_fixed\cocoa_generic_point_field_order_fixed,Volume,-1,-1;Owner_Name "Owner_Name" true true false 254 Text 0 0 ,First,#,C:\Martina\GFW Pro\Pro Templates\Shapefile_fixes\shapefile_fixes.gdb\field_order_fixed\cocoa_generic_point_field_order_fixed,Owner_Name,-1,-1;Owner_ID "Owner_ID" true true false 254 Text 0 0 ,First,#,C:\Martina\GFW Pro\Pro Templates\Shapefile_fixes\shapefile_fixes.gdb\field_order_fixed\cocoa_generic_point_field_order_fixed,Owner_ID,-1,-1;Company_Na "Company_Na" true true false 254 Text 0 0 ,First,#,C:\Martina\GFW Pro\Pro Templates\Shapefile_fixes\shapefile_fixes.gdb\field_order_fixed\cocoa_generic_point_field_order_fixed,Company_Na,-1,-1;Supplier_N "Supplier_N" true true false 50 Text 0 0 ,First,#,C:\Martina\GFW Pro\Pro Templates\Shapefile_fixes\shapefile_fixes.gdb\field_order_fixed\cocoa_generic_point_field_order_fixed,Supplier_N,-1,-1;Facility_N "Facility_N" true true false 254 Text 0 0 ,First,#,C:\Martina\GFW Pro\Pro Templates\Shapefile_fixes\shapefile_fixes.gdb\field_order_fixed\cocoa_generic_point_field_order_fixed,Facility_N,-1,-1;Refinery_N "Refinery_N" true true false 254 Text 0 0 ,First,#,C:\Martina\GFW Pro\Pro Templates\Shapefile_fixes\shapefile_fixes.gdb\field_order_fixed\cocoa_generic_point_field_order_fixed,Refinery_N,-1,-1;Certificat "Certificat" true true false 254 Text 0 0 ,First,#,C:\Martina\GFW Pro\Pro Templates\Shapefile_fixes\shapefile_fixes.gdb\field_order_fixed\cocoa_generic_point_field_order_fixed,Certificat,-1,-1;Start_Date "Start_Date" true true false 8 Date 0 0 ,First,#,C:\Martina\GFW Pro\Pro Templates\Shapefile_fixes\shapefile_fixes.gdb\field_order_fixed\cocoa_generic_point_field_order_fixed,Start_Date,-1,-1;Time_Horiz "Time_Horiz" true true false 254 Text 0 0 ,First,#,C:\Martina\GFW Pro\Pro Templates\Shapefile_fixes\shapefile_fixes.gdb\field_order_fixed\cocoa_generic_point_field_order_fixed,Time_Horiz,-1,-1;End_Date "End_Date" true true false 8 Date 0 0 ,First,#,C:\Martina\GFW Pro\Pro Templates\Shapefile_fixes\shapefile_fixes.gdb\field_order_fixed\cocoa_generic_point_field_order_fixed,End_Date,-1,-1;attribute1 "attribute1" true true false 255 Text 0 0 ,First,#,C:\Martina\GFW Pro\Pro Templates\Shapefile_fixes\shapefile_fixes.gdb\field_order_fixed\cocoa_generic_point_field_order_fixed,attribute1,-1,-1;attribute2 "attribute2" true true false 255 Text 0 0 ,First,#,C:\Martina\GFW Pro\Pro Templates\Shapefile_fixes\shapefile_fixes.gdb\field_order_fixed\cocoa_generic_point_field_order_fixed,attribute2,-1,-1;attribute3 "attribute3" true true false 255 Text 0 0 ,First,#,C:\Martina\GFW Pro\Pro Templates\Shapefile_fixes\shapefile_fixes.gdb\field_order_fixed\cocoa_generic_point_field_order_fixed,attribute3,-1,-1" #</Process><Process ToolSource="c:\program files (x86)\arcgis\desktop10.7\ArcToolbox\Toolboxes\Analysis Tools.tbx\Buffer" Date="20200602" Time="122944">Buffer "C:\Martina\GFW Pro\Pro Templates\Shapefile_fixes\testing_shapefiles\cocoa_generic_point.shp" "C:\Martina\GFW Pro\Pro Templates\Shapefile_fixes\testing_shapefiles\cocoa_generic_polygon.shp" "10 Kilometers" FULL ROUND NONE # PLANAR</Process><Process ToolSource="c:\program files (x86)\arcgis\desktop10.7\ArcToolbox\Toolboxes\Data Management Tools.tbx\CalculateField" Date="20200602" Time="123014">CalculateField "C:\Martina\GFW Pro\Pro Templates\Shapefile_fixes\testing_shapefiles\cocoa_generic_polygon.shp" Analysis_R 0 VB #</Process><Process Name="Delete Field" ToolSource="c:\program files (x86)\arcgis\desktop10.7\ArcToolbox\Toolboxes\Data Management Tools.tbx\DeleteField" Date="20200618" Time="081007">DeleteField "C:\Martina\GFW Pro\Pro Templates\Shapefile_fixes\testing_shapefiles\cocoa_generic_polygon.shp" Start_Date;End_Date</Process><Process Name="Add Field" ToolSource="c:\program files (x86)\arcgis\desktop10.7\ArcToolbox\Toolboxes\Data Management Tools.tbx\AddField" Date="20200618" Time="081007">AddField "C:\Martina\GFW Pro\Pro Templates\Shapefile_fixes\testing_shapefiles\cocoa_generic_polygon.shp" Start_Date TEXT # # # # NULLABLE NON_REQUIRED #</Process><Process Name="Add Field (2)" ToolSource="c:\program files (x86)\arcgis\desktop10.7\ArcToolbox\Toolboxes\Data Management Tools.tbx\AddField" Date="20200618" Time="081007">AddField "C:\Martina\GFW Pro\Pro Templates\Shapefile_fixes\testing_shapefiles\cocoa_generic_polygon.shp" End_Date TEXT # # # # NULLABLE NON_REQUIRED #</Process><Process Name="Calculate Field" ToolSource="c:\program files (x86)\arcgis\desktop10.7\ArcToolbox\Toolboxes\Data Management Tools.tbx\CalculateField" Date="20200618" Time="082447">CalculateField "C:\Martina\GFW Pro\Pro Templates\Shapefile_fixes\testing_shapefiles\poly\cocoa_generic_polygon.shp" attribute1 "Location" VB #</Process></lineage><itemProps><itemName Sync="TRUE">cocoa_generic_polygon</itemName><imsContentType Sync="TRUE">002</imsContentType><itemSize Sync="TRUE">0.000</itemSize><itemLocation><linkage Sync="TRUE">file://\\3WZQYW2\C$\Martina\GFW Pro\Pro Templates\Shapefile_fixes\testing_shapefiles\poly\cocoa_generic_polygon</linkage><protocol Sync="TRUE">Local Area Network</protocol></itemLocation></itemProps><coordRef><type Sync="TRUE">Geographic</type><geogcsn Sync="TRUE">GCS_WGS_1984</geogcsn><csUnits Sync="TRUE">Angular Unit: Degree (0.017453)</csUnits><peXml Sync="TRUE">&lt;GeographicCoordinateSystem xsi:type='typens:GeographicCoordinateSystem' xmlns:xsi='http://www.w3.org/2001/XMLSchema-instance' xmlns:xs='http://www.w3.org/2001/XMLSchema' xmlns:typens='http://www.esri.com/schemas/ArcGIS/10.7'&gt;&lt;WKT&gt;GEOGCS[&amp;quot;GCS_WGS_1984&amp;quot;,DATUM[&amp;quot;D_WGS_1984&amp;quot;,SPHEROID[&amp;quot;WGS_1984&amp;quot;,6378137.0,298.257223563]],PRIMEM[&amp;quot;Greenwich&amp;quot;,0.0],UNIT[&amp;quot;Degree&amp;quot;,0.0174532925199433],AUTHORITY[&amp;quot;EPSG&amp;quot;,4326]]&lt;/WKT&gt;&lt;XOrigin&gt;-400&lt;/XOrigin&gt;&lt;YOrigin&gt;-400&lt;/YOrigin&gt;&lt;XYScale&gt;11258999068426.238&lt;/XYScale&gt;&lt;ZOrigin&gt;-100000&lt;/ZOrigin&gt;&lt;ZScale&gt;10000&lt;/ZScale&gt;&lt;MOrigin&gt;-100000&lt;/MOrigin&gt;&lt;MScale&gt;10000&lt;/MScale&gt;&lt;XYTolerance&gt;8.983152841195215e-09&lt;/XYTolerance&gt;&lt;ZTolerance&gt;0.001&lt;/ZTolerance&gt;&lt;MTolerance&gt;0.001&lt;/MTolerance&gt;&lt;HighPrecision&gt;true&lt;/HighPrecision&gt;&lt;LeftLongitude&gt;-180&lt;/LeftLongitude&gt;&lt;WKID&gt;4326&lt;/WKID&gt;&lt;LatestWKID&gt;4326&lt;/LatestWKID&gt;&lt;/GeographicCoordinateSystem&gt;</peXml></coordRef><copyHistory><copy source="C:\Martina\GFW Pro\Pro Templates\Shapefile_fixes\testing_shapefiles\cocoa_generic_polygon" dest="\\3WZQYW2\C$\Martina\GFW Pro\Pro Templates\Shapefile_fixes\testing_shapefiles\poly\cocoa_generic_polygon" date="20200618" time="08190600"></copy></copyHistory></DataProperties><SyncDate>20200602</SyncDate><SyncTime>12294400</SyncTime><ModDate>20200602</ModDate><ModTime>12294400</ModTime><ArcGISstyle>FGDC CSDGM Metadata</ArcGISstyle></Esri><dataIdInfo><envirDesc Sync="TRUE"> Version 6.2 (Build 9200) ; Esri ArcGIS 10.7.1.11595</envirDesc><dataLang><languageCode value="eng" Sync="TRUE"></languageCode><countryCode value="USA" Sync="TRUE"></countryCode></dataLang><idCitation><resTitle Sync="TRUE">cocoa_generic_polygon</resTitle><presForm><PresFormCd value="005" Sync="TRUE"></PresFormCd></presForm></idCitation><spatRpType><SpatRepTypCd value="001" Sync="TRUE"></SpatRepTypCd></spatRpType></dataIdInfo><mdLang><languageCode value="eng" Sync="TRUE"></languageCode><countryCode value="USA" Sync="TRUE"></countryCode></mdLang><mdChar><CharSetCd value="004" Sync="TRUE"></CharSetCd></mdChar><distInfo><distFormat><formatName Sync="TRUE">Shapefile</formatName></distFormat><distTranOps><transSize Sync="TRUE">0.000</transSize></distTranOps></distInfo><mdHrLv><ScopeCd value="005" Sync="TRUE"></ScopeCd></mdHrLv><mdHrLvName Sync="TRUE">dataset</mdHrLvName><refSysInfo><RefSystem><refSysID><identCode code="4326" Sync="TRUE"></identCode><idCodeSpace Sync="TRUE">EPSG</idCodeSpace><idVersion Sync="TRUE">6.14(3.0.1)</idVersion></refSysID></RefSystem></refSysInfo><spatRepInfo><VectSpatRep><geometObjs Name="cocoa_generic_polygon"><geoObjTyp><GeoObjTypCd value="002" Sync="TRUE"></GeoObjTypCd></geoObjTyp><geoObjCnt Sync="TRUE">0</geoObjCnt></geometObjs><topLvl><TopoLevCd value="001" Sync="TRUE"></TopoLevCd></topLvl></VectSpatRep></spatRepInfo><spdoinfo><ptvctinf><esriterm Name="cocoa_generic_polygon"><efeatyp Sync="TRUE">Simple</efeatyp><efeageom code="4" Sync="TRUE"></efeageom><esritopo Sync="TRUE">FALSE</esritopo><efeacnt Sync="TRUE">0</efeacnt><spindex Sync="TRUE">FALSE</spindex><linrefer Sync="TRUE">FALSE</linrefer></esriterm></ptvctinf></spdoinfo><eainfo><detailed Name="cocoa_generic_polygon"><enttyp><enttypl Sync="TRUE">cocoa_generic_polygon</enttypl><enttypt Sync="TRUE">Feature Class</enttypt><enttypc Sync="TRUE">0</enttypc></enttyp><attr><attrlabl Sync="TRUE">FID</attrlabl><attalias Sync="TRUE">FID</attalias><attrtype Sync="TRUE">OID</attrtype><attwidth Sync="TRUE">4</attwidth><atprecis Sync="TRUE">0</atprecis><attscale Sync="TRUE">0</attscale><attrdef Sync="TRUE">Internal feature number.</attrdef><attrdefs Sync="TRUE">Esri</attrdefs><attrdomv><udom Sync="TRUE">Sequential unique whole numbers that are automatically generated.</udom></attrdomv></attr><attr><attrlabl Sync="TRUE">Shape</attrlabl><attalias Sync="TRUE">Shape</attalias><attrtype Sync="TRUE">Geometry</attrtype><attwidth Sync="TRUE">0</attwidth><atprecis Sync="TRUE">0</atprecis><attscale Sync="TRUE">0</attscale><attrdef Sync="TRUE">Feature geometry.</attrdef><attrdefs Sync="TRUE">Esri</attrdefs><attrdomv><udom Sync="TRUE">Coordinates defining the features.</udom></attrdomv></attr><attr><attrlabl Sync="TRUE">Latitude</attrlabl><attalias Sync="TRUE">Latitude</attalias><attrtype Sync="TRUE">Double</attrtype><attwidth Sync="TRUE">19</attwidth><atprecis Sync="TRUE">0</atprecis><attscale Sync="TRUE">0</attscale></attr><attr><attrlabl Sync="TRUE">Longitude</attrlabl><attalias Sync="TRUE">Longitude</attalias><attrtype Sync="TRUE">Double</attrtype><attwidth Sync="TRUE">19</attwidth><atprecis Sync="TRUE">0</atprecis><attscale Sync="TRUE">0</attscale></attr><attr><attrlabl Sync="TRUE">Location_N</attrlabl><attalias Sync="TRUE">Location_N</attalias><attrtype Sync="TRUE">String</attrtype><attwidth Sync="TRUE">254</attwidth><atprecis Sync="TRUE">0</atprecis><attscale Sync="TRUE">0</attscale></attr><attr><attrlabl Sync="TRUE">Analysis_R</attrlabl><attalias Sync="TRUE">Analysis_R</attalias><attrtype Sync="TRUE">Double</attrtype><attwidth Sync="TRUE">19</attwidth><atprecis Sync="TRUE">0</atprecis><attscale Sync="TRUE">0</attscale></attr><attr><attrlabl Sync="TRUE">Analysis_A</attrlabl><attalias Sync="TRUE">Analysis_A</attalias><attrtype Sync="TRUE">Double</attrtype><attwidth Sync="TRUE">19</attwidth><atprecis Sync="TRUE">0</atprecis><attscale Sync="TRUE">0</attscale></attr><attr><attrlabl Sync="TRUE">Location_C</attrlabl><attalias Sync="TRUE">Location_C</attalias><attrtype Sync="TRUE">String</attrtype><attwidth Sync="TRUE">254</attwidth><atprecis Sync="TRUE">0</atprecis><attscale Sync="TRUE">0</attscale></attr><attr><attrlabl Sync="TRUE">Company_ID</attrlabl><attalias Sync="TRUE">Company_ID</attalias><attrtype Sync="TRUE">String</attrtype><attwidth Sync="TRUE">254</attwidth><atprecis Sync="TRUE">0</atprecis><attscale Sync="TRUE">0</attscale></attr><attr><attrlabl Sync="TRUE">Volume</attrlabl><attalias Sync="TRUE">Volume</attalias><attrtype Sync="TRUE">Double</attrtype><attwidth Sync="TRUE">19</attwidth><atprecis Sync="TRUE">0</atprecis><attscale Sync="TRUE">0</attscale></attr><attr><attrlabl Sync="TRUE">Owner_Name</attrlabl><attalias Sync="TRUE">Owner_Name</attalias><attrtype Sync="TRUE">String</attrtype><attwidth Sync="TRUE">254</attwidth><atprecis Sync="TRUE">0</atprecis><attscale Sync="TRUE">0</attscale></attr><attr><attrlabl Sync="TRUE">Owner_ID</attrlabl><attalias Sync="TRUE">Owner_ID</attalias><attrtype Sync="TRUE">String</attrtype><attwidth Sync="TRUE">254</attwidth><atprecis Sync="TRUE">0</atprecis><attscale Sync="TRUE">0</attscale></attr><attr><attrlabl Sync="TRUE">Company_Na</attrlabl><attalias Sync="TRUE">Company_Na</attalias><attrtype Sync="TRUE">String</attrtype><attwidth Sync="TRUE">254</attwidth><atprecis Sync="TRUE">0</atprecis><attscale Sync="TRUE">0</attscale></attr><attr><attrlabl Sync="TRUE">supplier_n</attrlabl><attalias Sync="TRUE">Supplier_N</attalias><attrtype Sync="TRUE">String</attrtype><attwidth Sync="TRUE">50</attwidth><atprecis Sync="TRUE">0</atprecis><attscale Sync="TRUE">0</attscale></attr><attr><attrlabl Sync="TRUE">Facility_N</attrlabl><attalias Sync="TRUE">Facility_N</attalias><attrtype Sync="TRUE">String</attrtype><attwidth Sync="TRUE">254</attwidth><atprecis Sync="TRUE">0</atprecis><attscale Sync="TRUE">0</attscale></attr><attr><attrlabl Sync="TRUE">Refinery_N</attrlabl><attalias Sync="TRUE">Refinery_N</attalias><attrtype Sync="TRUE">String</attrtype><attwidth Sync="TRUE">254</attwidth><atprecis Sync="TRUE">0</atprecis><attscale Sync="TRUE">0</attscale></attr><attr><attrlabl Sync="TRUE">Certificat</attrlabl><attalias Sync="TRUE">Certificat</attalias><attrtype Sync="TRUE">String</attrtype><attwidth Sync="TRUE">254</attwidth><atprecis Sync="TRUE">0</atprecis><attscale Sync="TRUE">0</attscale></attr><attr><attrlabl Sync="TRUE">Start_Date</attrlabl><attalias Sync="TRUE">Start_Date</attalias><attrtype Sync="TRUE">Date</attrtype><attwidth Sync="TRUE">8</attwidth><atprecis Sync="TRUE">0</atprecis><attscale Sync="TRUE">0</attscale></attr><attr><attrlabl Sync="TRUE">Time_Horiz</attrlabl><attalias Sync="TRUE">Time_Horiz</attalias><attrtype Sync="TRUE">String</attrtype><attwidth Sync="TRUE">254</attwidth><atprecis Sync="TRUE">0</atprecis><attscale Sync="TRUE">0</attscale></attr><attr><attrlabl Sync="TRUE">End_Date</attrlabl><attalias Sync="TRUE">End_Date</attalias><attrtype Sync="TRUE">Date</attrtype><attwidth Sync="TRUE">8</attwidth><atprecis Sync="TRUE">0</atprecis><attscale Sync="TRUE">0</attscale></attr><attr><attrlabl Sync="TRUE">attribute1</attrlabl><attalias Sync="TRUE">attribute1</attalias><attrtype Sync="TRUE">String</attrtype><attwidth Sync="TRUE">254</attwidth><atprecis Sync="TRUE">0</atprecis><attscale Sync="TRUE">0</attscale></attr><attr><attrlabl Sync="TRUE">attribute2</attrlabl><attalias Sync="TRUE">attribute2</attalias><attrtype Sync="TRUE">String</attrtype><attwidth Sync="TRUE">254</attwidth><atprecis Sync="TRUE">0</atprecis><attscale Sync="TRUE">0</attscale></attr><attr><attrlabl Sync="TRUE">attribute3</attrlabl><attalias Sync="TRUE">attribute3</attalias><attrtype Sync="TRUE">String</attrtype><attwidth Sync="TRUE">254</attwidth><atprecis Sync="TRUE">0</atprecis><attscale Sync="TRUE">0</attscale></attr><attr><attrlabl Sync="TRUE">BUFF_DIST</attrlabl><attalias Sync="TRUE">BUFF_DIST</attalias><attrtype Sync="TRUE">Double</attrtype><attwidth Sync="TRUE">19</attwidth><atprecis Sync="TRUE">0</atprecis><attscale Sync="TRUE">0</attscale></attr><attr><attrlabl Sync="TRUE">ORIG_FID</attrlabl><attalias Sync="TRUE">ORIG_FID</attalias><attrtype Sync="TRUE">Integer</attrtype><attwidth Sync="TRUE">10</attwidth><atprecis Sync="TRUE">10</atprecis><attscale Sync="TRUE">0</attscale></attr></detailed></eainfo><mdDateSt Sync="TRUE">20200602</mdDateSt></metadata>
